-- ============================================================
-- OPUS Seed Data
-- Comprehensive test data for development and demos
-- All money values are INTEGER (centavos)
-- ============================================================

-- ============================================================
-- 1. TENANTS
-- ============================================================

INSERT INTO tenants (id, slug, nombre, plan, config) VALUES
  ('11111111-1111-1111-1111-111111111111', 'la-xola', 'La Xola Cantina', 'pro',
    '{"iva_porcentaje": 16, "timezone": "America/Mexico_City", "moneda": "MXN", "kds_alerta_min": 8, "kds_critico_min": 15, "servicio_porcentaje": 0, "max_almacenes": 8}'::jsonb),
  ('22222222-2222-2222-2222-222222222222', 'trattoria-roma', 'Trattoria Roma', 'pro',
    '{"iva_porcentaje": 16, "timezone": "America/Mexico_City", "moneda": "MXN", "kds_alerta_min": 8, "kds_critico_min": 15, "servicio_porcentaje": 0, "max_almacenes": 8}'::jsonb),
  ('33333333-3333-3333-3333-333333333333', 'sushi-sakura', 'Sushi Sakura', 'free',
    '{"iva_porcentaje": 16, "timezone": "America/Mexico_City", "moneda": "MXN", "kds_alerta_min": 8, "kds_critico_min": 15, "servicio_porcentaje": 0, "max_almacenes": 8}'::jsonb);

-- ============================================================
-- 2. USERS (authentication table)
-- Password: admin123
-- ============================================================

-- La Xola users
INSERT INTO users (id, tenant_id, codigo, nombre, password_hash, puesto, nivel_acceso) VALUES
  ('a1111111-0001-4000-a000-000000000001', '11111111-1111-1111-1111-111111111111', 'ADM',   'Administrador',  '$2b$10$lsmNIuUllSjL1WwIMF6/ZuAwNqjXRwuo/qvjlmRwForL2i0GeSJlW', 'gerente',  9),
  ('a1111111-0002-4000-a000-000000000002', '11111111-1111-1111-1111-111111111111', 'CAJ01', 'Maria Lopez',    '$2b$10$lsmNIuUllSjL1WwIMF6/ZuAwNqjXRwuo/qvjlmRwForL2i0GeSJlW', 'cajero',   2),
  ('a1111111-0003-4000-a000-000000000003', '11111111-1111-1111-1111-111111111111', 'MES01', 'Juan Garcia',    '$2b$10$lsmNIuUllSjL1WwIMF6/ZuAwNqjXRwuo/qvjlmRwForL2i0GeSJlW', 'mesero',   1),
  ('a1111111-0004-4000-a000-000000000004', '11111111-1111-1111-1111-111111111111', 'MES02', 'Ana Martinez',   '$2b$10$lsmNIuUllSjL1WwIMF6/ZuAwNqjXRwuo/qvjlmRwForL2i0GeSJlW', 'mesero',   1),
  ('a1111111-0005-4000-a000-000000000005', '11111111-1111-1111-1111-111111111111', 'COC01', 'Pedro Ramirez',  '$2b$10$lsmNIuUllSjL1WwIMF6/ZuAwNqjXRwuo/qvjlmRwForL2i0GeSJlW', 'cocinero', 3);

-- Trattoria Roma users
INSERT INTO users (id, tenant_id, codigo, nombre, password_hash, puesto, nivel_acceso) VALUES
  ('a2222222-0001-4000-a000-000000000001', '22222222-2222-2222-2222-222222222222', 'ADM',   'Marco Rossi',    '$2b$10$lsmNIuUllSjL1WwIMF6/ZuAwNqjXRwuo/qvjlmRwForL2i0GeSJlW', 'gerente',  9),
  ('a2222222-0002-4000-a000-000000000002', '22222222-2222-2222-2222-222222222222', 'MES01', 'Sofia Bianchi',  '$2b$10$lsmNIuUllSjL1WwIMF6/ZuAwNqjXRwuo/qvjlmRwForL2i0GeSJlW', 'mesero',   1),
  ('a2222222-0003-4000-a000-000000000003', '22222222-2222-2222-2222-222222222222', 'COC01', 'Luigi Conte',    '$2b$10$lsmNIuUllSjL1WwIMF6/ZuAwNqjXRwuo/qvjlmRwForL2i0GeSJlW', 'cocinero', 3);

-- Sushi Sakura users
INSERT INTO users (id, tenant_id, codigo, nombre, password_hash, puesto, nivel_acceso) VALUES
  ('a3333333-0001-4000-a000-000000000001', '33333333-3333-3333-3333-333333333333', 'ADM',   'Kenji Tanaka',   '$2b$10$lsmNIuUllSjL1WwIMF6/ZuAwNqjXRwuo/qvjlmRwForL2i0GeSJlW', 'gerente',  9),
  ('a3333333-0002-4000-a000-000000000002', '33333333-3333-3333-3333-333333333333', 'MES01', 'Yuki Sato',      '$2b$10$lsmNIuUllSjL1WwIMF6/ZuAwNqjXRwuo/qvjlmRwForL2i0GeSJlW', 'mesero',   1);


-- ============================================================
-- 3. ZONAS (3 per tenant)
-- ============================================================

-- La Xola zonas
INSERT INTO zonas (id, tenant_id, nombre, descripcion) VALUES
  ('b1111111-0001-4000-b000-000000000001', '11111111-1111-1111-1111-111111111111', 'Salon Principal', 'Area principal del restaurante'),
  ('b1111111-0002-4000-b000-000000000002', '11111111-1111-1111-1111-111111111111', 'Terraza',         'Terraza al aire libre'),
  ('b1111111-0003-4000-b000-000000000003', '11111111-1111-1111-1111-111111111111', 'Bar',             'Area de bar y barra');

-- Trattoria Roma zonas
INSERT INTO zonas (id, tenant_id, nombre, descripcion) VALUES
  ('b2222222-0001-4000-b000-000000000001', '22222222-2222-2222-2222-222222222222', 'Salon Principal', 'Sala principale'),
  ('b2222222-0002-4000-b000-000000000002', '22222222-2222-2222-2222-222222222222', 'Terraza',         'Terrazza esterna'),
  ('b2222222-0003-4000-b000-000000000003', '22222222-2222-2222-2222-222222222222', 'Bar',             'Area bar');

-- Sushi Sakura zonas
INSERT INTO zonas (id, tenant_id, nombre, descripcion) VALUES
  ('b3333333-0001-4000-b000-000000000001', '33333333-3333-3333-3333-333333333333', 'Salon Principal', 'Area principal'),
  ('b3333333-0002-4000-b000-000000000002', '33333333-3333-3333-3333-333333333333', 'Terraza',         'Terraza exterior'),
  ('b3333333-0003-4000-b000-000000000003', '33333333-3333-3333-3333-333333333333', 'Bar',             'Barra de sushi');


-- ============================================================
-- 4. MESAS (16 per tenant: 8 salon, 4 terraza, 4 bar)
-- ============================================================

-- La Xola mesas — Salon (1-8)
INSERT INTO mesas (id, tenant_id, numero, zona_id, capacidad) VALUES
  ('c1111111-0001-4000-c000-000000000001', '11111111-1111-1111-1111-111111111111', 1,  'b1111111-0001-4000-b000-000000000001', 4),
  ('c1111111-0002-4000-c000-000000000002', '11111111-1111-1111-1111-111111111111', 2,  'b1111111-0001-4000-b000-000000000001', 4),
  ('c1111111-0003-4000-c000-000000000003', '11111111-1111-1111-1111-111111111111', 3,  'b1111111-0001-4000-b000-000000000001', 6),
  ('c1111111-0004-4000-c000-000000000004', '11111111-1111-1111-1111-111111111111', 4,  'b1111111-0001-4000-b000-000000000001', 4),
  ('c1111111-0005-4000-c000-000000000005', '11111111-1111-1111-1111-111111111111', 5,  'b1111111-0001-4000-b000-000000000001', 2),
  ('c1111111-0006-4000-c000-000000000006', '11111111-1111-1111-1111-111111111111', 6,  'b1111111-0001-4000-b000-000000000001', 4),
  ('c1111111-0007-4000-c000-000000000007', '11111111-1111-1111-1111-111111111111', 7,  'b1111111-0001-4000-b000-000000000001', 8),
  ('c1111111-0008-4000-c000-000000000008', '11111111-1111-1111-1111-111111111111', 8,  'b1111111-0001-4000-b000-000000000001', 6);

-- La Xola mesas — Terraza (9-12)
INSERT INTO mesas (id, tenant_id, numero, zona_id, capacidad) VALUES
  ('c1111111-0009-4000-c000-000000000009', '11111111-1111-1111-1111-111111111111', 9,  'b1111111-0002-4000-b000-000000000002', 4),
  ('c1111111-0010-4000-c000-000000000010', '11111111-1111-1111-1111-111111111111', 10, 'b1111111-0002-4000-b000-000000000002', 4),
  ('c1111111-0011-4000-c000-000000000011', '11111111-1111-1111-1111-111111111111', 11, 'b1111111-0002-4000-b000-000000000002', 6),
  ('c1111111-0012-4000-c000-000000000012', '11111111-1111-1111-1111-111111111111', 12, 'b1111111-0002-4000-b000-000000000002', 4);

-- La Xola mesas — Bar (13-16)
INSERT INTO mesas (id, tenant_id, numero, zona_id, capacidad) VALUES
  ('c1111111-0013-4000-c000-000000000013', '11111111-1111-1111-1111-111111111111', 13, 'b1111111-0003-4000-b000-000000000003', 2),
  ('c1111111-0014-4000-c000-000000000014', '11111111-1111-1111-1111-111111111111', 14, 'b1111111-0003-4000-b000-000000000003', 2),
  ('c1111111-0015-4000-c000-000000000015', '11111111-1111-1111-1111-111111111111', 15, 'b1111111-0003-4000-b000-000000000003', 2),
  ('c1111111-0016-4000-c000-000000000016', '11111111-1111-1111-1111-111111111111', 16, 'b1111111-0003-4000-b000-000000000003', 2);

-- Trattoria Roma mesas — Salon (1-8)
INSERT INTO mesas (id, tenant_id, numero, zona_id, capacidad) VALUES
  ('c2222222-0001-4000-c000-000000000001', '22222222-2222-2222-2222-222222222222', 1,  'b2222222-0001-4000-b000-000000000001', 4),
  ('c2222222-0002-4000-c000-000000000002', '22222222-2222-2222-2222-222222222222', 2,  'b2222222-0001-4000-b000-000000000001', 4),
  ('c2222222-0003-4000-c000-000000000003', '22222222-2222-2222-2222-222222222222', 3,  'b2222222-0001-4000-b000-000000000001', 6),
  ('c2222222-0004-4000-c000-000000000004', '22222222-2222-2222-2222-222222222222', 4,  'b2222222-0001-4000-b000-000000000001', 4),
  ('c2222222-0005-4000-c000-000000000005', '22222222-2222-2222-2222-222222222222', 5,  'b2222222-0001-4000-b000-000000000001', 2),
  ('c2222222-0006-4000-c000-000000000006', '22222222-2222-2222-2222-222222222222', 6,  'b2222222-0001-4000-b000-000000000001', 4),
  ('c2222222-0007-4000-c000-000000000007', '22222222-2222-2222-2222-222222222222', 7,  'b2222222-0001-4000-b000-000000000001', 8),
  ('c2222222-0008-4000-c000-000000000008', '22222222-2222-2222-2222-222222222222', 8,  'b2222222-0001-4000-b000-000000000001', 6);

-- Trattoria Roma mesas — Terraza (9-12)
INSERT INTO mesas (id, tenant_id, numero, zona_id, capacidad) VALUES
  ('c2222222-0009-4000-c000-000000000009', '22222222-2222-2222-2222-222222222222', 9,  'b2222222-0002-4000-b000-000000000002', 4),
  ('c2222222-0010-4000-c000-000000000010', '22222222-2222-2222-2222-222222222222', 10, 'b2222222-0002-4000-b000-000000000002', 4),
  ('c2222222-0011-4000-c000-000000000011', '22222222-2222-2222-2222-222222222222', 11, 'b2222222-0002-4000-b000-000000000002', 6),
  ('c2222222-0012-4000-c000-000000000012', '22222222-2222-2222-2222-222222222222', 12, 'b2222222-0002-4000-b000-000000000002', 4);

-- Trattoria Roma mesas — Bar (13-16)
INSERT INTO mesas (id, tenant_id, numero, zona_id, capacidad) VALUES
  ('c2222222-0013-4000-c000-000000000013', '22222222-2222-2222-2222-222222222222', 13, 'b2222222-0003-4000-b000-000000000003', 2),
  ('c2222222-0014-4000-c000-000000000014', '22222222-2222-2222-2222-222222222222', 14, 'b2222222-0003-4000-b000-000000000003', 2),
  ('c2222222-0015-4000-c000-000000000015', '22222222-2222-2222-2222-222222222222', 15, 'b2222222-0003-4000-b000-000000000003', 2),
  ('c2222222-0016-4000-c000-000000000016', '22222222-2222-2222-2222-222222222222', 16, 'b2222222-0003-4000-b000-000000000003', 2);

-- Sushi Sakura mesas — Salon (1-8)
INSERT INTO mesas (id, tenant_id, numero, zona_id, capacidad) VALUES
  ('c3333333-0001-4000-c000-000000000001', '33333333-3333-3333-3333-333333333333', 1,  'b3333333-0001-4000-b000-000000000001', 4),
  ('c3333333-0002-4000-c000-000000000002', '33333333-3333-3333-3333-333333333333', 2,  'b3333333-0001-4000-b000-000000000001', 4),
  ('c3333333-0003-4000-c000-000000000003', '33333333-3333-3333-3333-333333333333', 3,  'b3333333-0001-4000-b000-000000000001', 6),
  ('c3333333-0004-4000-c000-000000000004', '33333333-3333-3333-3333-333333333333', 4,  'b3333333-0001-4000-b000-000000000001', 4),
  ('c3333333-0005-4000-c000-000000000005', '33333333-3333-3333-3333-333333333333', 5,  'b3333333-0001-4000-b000-000000000001', 2),
  ('c3333333-0006-4000-c000-000000000006', '33333333-3333-3333-3333-333333333333', 6,  'b3333333-0001-4000-b000-000000000001', 4),
  ('c3333333-0007-4000-c000-000000000007', '33333333-3333-3333-3333-333333333333', 7,  'b3333333-0001-4000-b000-000000000001', 8),
  ('c3333333-0008-4000-c000-000000000008', '33333333-3333-3333-3333-333333333333', 8,  'b3333333-0001-4000-b000-000000000001', 6);

-- Sushi Sakura mesas — Terraza (9-12)
INSERT INTO mesas (id, tenant_id, numero, zona_id, capacidad) VALUES
  ('c3333333-0009-4000-c000-000000000009', '33333333-3333-3333-3333-333333333333', 9,  'b3333333-0002-4000-b000-000000000002', 4),
  ('c3333333-0010-4000-c000-000000000010', '33333333-3333-3333-3333-333333333333', 10, 'b3333333-0002-4000-b000-000000000002', 4),
  ('c3333333-0011-4000-c000-000000000011', '33333333-3333-3333-3333-333333333333', 11, 'b3333333-0002-4000-b000-000000000002', 6),
  ('c3333333-0012-4000-c000-000000000012', '33333333-3333-3333-3333-333333333333', 12, 'b3333333-0002-4000-b000-000000000002', 4);

-- Sushi Sakura mesas — Bar (13-16)
INSERT INTO mesas (id, tenant_id, numero, zona_id, capacidad) VALUES
  ('c3333333-0013-4000-c000-000000000013', '33333333-3333-3333-3333-333333333333', 13, 'b3333333-0003-4000-b000-000000000003', 2),
  ('c3333333-0014-4000-c000-000000000014', '33333333-3333-3333-3333-333333333333', 14, 'b3333333-0003-4000-b000-000000000003', 2),
  ('c3333333-0015-4000-c000-000000000015', '33333333-3333-3333-3333-333333333333', 15, 'b3333333-0003-4000-b000-000000000003', 2),
  ('c3333333-0016-4000-c000-000000000016', '33333333-3333-3333-3333-333333333333', 16, 'b3333333-0003-4000-b000-000000000003', 2);


-- ============================================================
-- 5. TURNOS (3 per tenant)
-- ============================================================

-- La Xola turnos
INSERT INTO turnos (id, tenant_id, nombre, hora_inicio, hora_fin) VALUES
  ('d1111111-0001-4000-d000-000000000001', '11111111-1111-1111-1111-111111111111', 'Matutino',   '08:00', '15:00'),
  ('d1111111-0002-4000-d000-000000000002', '11111111-1111-1111-1111-111111111111', 'Vespertino', '15:00', '22:00'),
  ('d1111111-0003-4000-d000-000000000003', '11111111-1111-1111-1111-111111111111', 'Nocturno',   '22:00', '03:00');

-- Trattoria Roma turnos
INSERT INTO turnos (id, tenant_id, nombre, hora_inicio, hora_fin) VALUES
  ('d2222222-0001-4000-d000-000000000001', '22222222-2222-2222-2222-222222222222', 'Matutino',   '08:00', '15:00'),
  ('d2222222-0002-4000-d000-000000000002', '22222222-2222-2222-2222-222222222222', 'Vespertino', '15:00', '22:00'),
  ('d2222222-0003-4000-d000-000000000003', '22222222-2222-2222-2222-222222222222', 'Nocturno',   '22:00', '03:00');

-- Sushi Sakura turnos
INSERT INTO turnos (id, tenant_id, nombre, hora_inicio, hora_fin) VALUES
  ('d3333333-0001-4000-d000-000000000001', '33333333-3333-3333-3333-333333333333', 'Matutino',   '08:00', '15:00'),
  ('d3333333-0002-4000-d000-000000000002', '33333333-3333-3333-3333-333333333333', 'Vespertino', '15:00', '22:00'),
  ('d3333333-0003-4000-d000-000000000003', '33333333-3333-3333-3333-333333333333', 'Nocturno',   '22:00', '03:00');


-- ============================================================
-- 6. FORMAS DE PAGO (4 per tenant)
-- ============================================================

-- La Xola formas de pago
INSERT INTO formas_pago (id, tenant_id, nombre, clave) VALUES
  ('e1111111-0001-4000-e000-000000000001', '11111111-1111-1111-1111-111111111111', 'Efectivo',      'EF'),
  ('e1111111-0002-4000-e000-000000000002', '11111111-1111-1111-1111-111111111111', 'Tarjeta',       'TC'),
  ('e1111111-0003-4000-e000-000000000003', '11111111-1111-1111-1111-111111111111', 'Credito (CX)',  'CX'),
  ('e1111111-0004-4000-e000-000000000004', '11111111-1111-1111-1111-111111111111', 'Transferencia', 'TR');

-- Trattoria Roma formas de pago
INSERT INTO formas_pago (id, tenant_id, nombre, clave) VALUES
  ('e2222222-0001-4000-e000-000000000001', '22222222-2222-2222-2222-222222222222', 'Efectivo',      'EF'),
  ('e2222222-0002-4000-e000-000000000002', '22222222-2222-2222-2222-222222222222', 'Tarjeta',       'TC'),
  ('e2222222-0003-4000-e000-000000000003', '22222222-2222-2222-2222-222222222222', 'Credito (CX)',  'CX'),
  ('e2222222-0004-4000-e000-000000000004', '22222222-2222-2222-2222-222222222222', 'Transferencia', 'TR');

-- Sushi Sakura formas de pago
INSERT INTO formas_pago (id, tenant_id, nombre, clave) VALUES
  ('e3333333-0001-4000-e000-000000000001', '33333333-3333-3333-3333-333333333333', 'Efectivo',      'EF'),
  ('e3333333-0002-4000-e000-000000000002', '33333333-3333-3333-3333-333333333333', 'Tarjeta',       'TC'),
  ('e3333333-0003-4000-e000-000000000003', '33333333-3333-3333-3333-333333333333', 'Credito (CX)',  'CX'),
  ('e3333333-0004-4000-e000-000000000004', '33333333-3333-3333-3333-333333333333', 'Transferencia', 'TR');


-- ============================================================
-- 7. ALMACENES (2 per tenant)
-- ============================================================

-- La Xola almacenes
INSERT INTO almacenes (id, tenant_id, numero, nombre, descripcion) VALUES
  ('f1111111-0001-4000-f000-000000000001', '11111111-1111-1111-1111-111111111111', 1, 'Almacen Principal', 'Almacen principal de cocina'),
  ('f1111111-0002-4000-f000-000000000002', '11111111-1111-1111-1111-111111111111', 2, 'Barra',             'Almacen de barra y bebidas');

-- Trattoria Roma almacenes
INSERT INTO almacenes (id, tenant_id, numero, nombre, descripcion) VALUES
  ('f2222222-0001-4000-f000-000000000001', '22222222-2222-2222-2222-222222222222', 1, 'Almacen Principal', 'Magazzino principale'),
  ('f2222222-0002-4000-f000-000000000002', '22222222-2222-2222-2222-222222222222', 2, 'Barra',             'Bar e bevande');

-- Sushi Sakura almacenes
INSERT INTO almacenes (id, tenant_id, numero, nombre, descripcion) VALUES
  ('f3333333-0001-4000-f000-000000000001', '33333333-3333-3333-3333-333333333333', 1, 'Almacen Principal', 'Almacen principal'),
  ('f3333333-0002-4000-f000-000000000002', '33333333-3333-3333-3333-333333333333', 2, 'Barra',             'Barra de sushi');


-- ============================================================
-- 8. PERSONAL (mirrors users, used for POS operations)
-- ============================================================

-- La Xola personal
INSERT INTO personal (id, tenant_id, codigo, nombre, puesto, nivel_acceso, sueldo_diario, propina_pct, fecha_ingreso) VALUES
  ('aa111111-0001-4000-a000-000000000001', '11111111-1111-1111-1111-111111111111', 'ADM',   'Administrador',  'gerente',  9, 80000,  0,    '2024-01-15'),
  ('aa111111-0002-4000-a000-000000000002', '11111111-1111-1111-1111-111111111111', 'CAJ01', 'Maria Lopez',    'cajero',   2, 45000,  0,    '2024-03-01'),
  ('aa111111-0003-4000-a000-000000000003', '11111111-1111-1111-1111-111111111111', 'MES01', 'Juan Garcia',    'mesero',   1, 35000,  5.00, '2024-02-15'),
  ('aa111111-0004-4000-a000-000000000004', '11111111-1111-1111-1111-111111111111', 'MES02', 'Ana Martinez',   'mesero',   1, 35000,  5.00, '2024-06-01'),
  ('aa111111-0005-4000-a000-000000000005', '11111111-1111-1111-1111-111111111111', 'COC01', 'Pedro Ramirez',  'cocinero', 3, 55000,  0,    '2024-01-15');

-- Trattoria Roma personal
INSERT INTO personal (id, tenant_id, codigo, nombre, puesto, nivel_acceso, sueldo_diario, propina_pct, fecha_ingreso) VALUES
  ('aa222222-0001-4000-a000-000000000001', '22222222-2222-2222-2222-222222222222', 'ADM',   'Marco Rossi',    'gerente',  9, 80000,  0,    '2024-01-10'),
  ('aa222222-0002-4000-a000-000000000002', '22222222-2222-2222-2222-222222222222', 'MES01', 'Sofia Bianchi',  'mesero',   1, 35000,  5.00, '2024-04-01'),
  ('aa222222-0003-4000-a000-000000000003', '22222222-2222-2222-2222-222222222222', 'COC01', 'Luigi Conte',    'cocinero', 3, 55000,  0,    '2024-01-10');

-- Sushi Sakura personal
INSERT INTO personal (id, tenant_id, codigo, nombre, puesto, nivel_acceso, sueldo_diario, propina_pct, fecha_ingreso) VALUES
  ('aa333333-0001-4000-a000-000000000001', '33333333-3333-3333-3333-333333333333', 'ADM',   'Kenji Tanaka',   'gerente',  9, 80000,  0,    '2024-02-01'),
  ('aa333333-0002-4000-a000-000000000002', '33333333-3333-3333-3333-333333333333', 'MES01', 'Yuki Sato',      'mesero',   1, 35000,  5.00, '2024-05-15');


-- ============================================================
-- 9. GRUPOS (product categories)
-- ============================================================

-- La Xola grupos
INSERT INTO grupos (id, tenant_id, nombre, descripcion, orden_display) VALUES
  ('10111111-0001-4000-1000-000000000001', '11111111-1111-1111-1111-111111111111', 'Entradas',       'Entradas y botanas',       1),
  ('10111111-0002-4000-1000-000000000002', '11111111-1111-1111-1111-111111111111', 'Platos Fuertes', 'Platos principales',       2),
  ('10111111-0003-4000-1000-000000000003', '11111111-1111-1111-1111-111111111111', 'Bebidas',        'Bebidas y cocteles',       3),
  ('10111111-0004-4000-1000-000000000004', '11111111-1111-1111-1111-111111111111', 'Postres',        'Postres y dulces',         4);

-- Trattoria Roma grupos
INSERT INTO grupos (id, tenant_id, nombre, descripcion, orden_display) VALUES
  ('10222222-0001-4000-1000-000000000001', '22222222-2222-2222-2222-222222222222', 'Antipasti',      'Entradas italianas',       1),
  ('10222222-0002-4000-1000-000000000002', '22222222-2222-2222-2222-222222222222', 'Primi Piatti',   'Pastas y risottos',        2),
  ('10222222-0003-4000-1000-000000000003', '22222222-2222-2222-2222-222222222222', 'Secondi',        'Platos principales',       3),
  ('10222222-0004-4000-1000-000000000004', '22222222-2222-2222-2222-222222222222', 'Bevande',        'Bebidas',                  4),
  ('10222222-0005-4000-1000-000000000005', '22222222-2222-2222-2222-222222222222', 'Dolci',          'Postres',                  5);

-- Sushi Sakura grupos
INSERT INTO grupos (id, tenant_id, nombre, descripcion, orden_display) VALUES
  ('10333333-0001-4000-1000-000000000001', '33333333-3333-3333-3333-333333333333', 'Entradas',       'Entradas japonesas',       1),
  ('10333333-0002-4000-1000-000000000002', '33333333-3333-3333-3333-333333333333', 'Rolls',          'Rollos de sushi',          2),
  ('10333333-0003-4000-1000-000000000003', '33333333-3333-3333-3333-333333333333', 'Nigiri & Sashimi', 'Piezas individuales',    3),
  ('10333333-0004-4000-1000-000000000004', '33333333-3333-3333-3333-333333333333', 'Ramen & Udon',   'Sopas japonesas',          4),
  ('10333333-0005-4000-1000-000000000005', '33333333-3333-3333-3333-333333333333', 'Bebidas',        'Bebidas',                  5);


-- ============================================================
-- 10. PRODUCTOS — LA XOLA (Mexican Cuisine)
-- Terminados (19) + Insumos (10) = 29 products
-- All prices in centavos (integer)
-- ============================================================

-- La Xola — Entradas (terminado)
INSERT INTO productos (id, tenant_id, clave, descripcion, grupo_id, tipo, unidad, precio_venta, costo_unitario, area_produccion) VALUES
  ('11111111-e001-4000-0100-000000000001', '11111111-1111-1111-1111-111111111111', 'ENT01', 'Guacamole',         '10111111-0001-4000-1000-000000000001', 'terminado', 'pza', 9500,  3200, 'cocina'),
  ('11111111-e002-4000-0100-000000000002', '11111111-1111-1111-1111-111111111111', 'ENT02', 'Nachos Supremos',   '10111111-0001-4000-1000-000000000001', 'terminado', 'pza', 11500, 4100, 'cocina'),
  ('11111111-e003-4000-0100-000000000003', '11111111-1111-1111-1111-111111111111', 'ENT03', 'Quesadillas',       '10111111-0001-4000-1000-000000000001', 'terminado', 'pza', 8500,  2800, 'cocina');

-- La Xola — Platos Fuertes (terminado)
INSERT INTO productos (id, tenant_id, clave, descripcion, grupo_id, tipo, unidad, precio_venta, costo_unitario, area_produccion) VALUES
  ('11111111-e004-4000-0100-000000000004', '11111111-1111-1111-1111-111111111111', 'PLT01', 'Tacos al Pastor (3)',  '10111111-0002-4000-1000-000000000002', 'terminado', 'pza', 12500, 4500, 'cocina'),
  ('11111111-e005-4000-0100-000000000005', '11111111-1111-1111-1111-111111111111', 'PLT02', 'Enchiladas Suizas',   '10111111-0002-4000-1000-000000000002', 'terminado', 'pza', 14500, 5200, 'cocina'),
  ('11111111-e006-4000-0100-000000000006', '11111111-1111-1111-1111-111111111111', 'PLT03', 'Chiles en Nogada',    '10111111-0002-4000-1000-000000000002', 'terminado', 'pza', 19500, 7800, 'cocina'),
  ('11111111-e007-4000-0100-000000000007', '11111111-1111-1111-1111-111111111111', 'PLT04', 'Mole Poblano',        '10111111-0002-4000-1000-000000000002', 'terminado', 'pza', 16500, 6200, 'cocina'),
  ('11111111-e008-4000-0100-000000000008', '11111111-1111-1111-1111-111111111111', 'PLT05', 'Fajitas de Res',      '10111111-0002-4000-1000-000000000002', 'terminado', 'pza', 18500, 7100, 'cocina'),
  ('11111111-e009-4000-0100-000000000009', '11111111-1111-1111-1111-111111111111', 'PLT06', 'Pozole Rojo',         '10111111-0002-4000-1000-000000000002', 'terminado', 'pza', 13500, 4800, 'cocina'),
  ('11111111-e010-4000-0100-000000000010', '11111111-1111-1111-1111-111111111111', 'PLT07', 'Campechano',          '10111111-0002-4000-1000-000000000002', 'terminado', 'pza', 15000, 5500, 'cocina');

-- La Xola — Bebidas (terminado)
INSERT INTO productos (id, tenant_id, clave, descripcion, grupo_id, tipo, unidad, precio_venta, costo_unitario, area_produccion) VALUES
  ('11111111-e011-4000-0100-000000000011', '11111111-1111-1111-1111-111111111111', 'BEB01', 'Margarita',           '10111111-0003-4000-1000-000000000003', 'terminado', 'pza', 9500,  3200, 'barra'),
  ('11111111-e012-4000-0100-000000000012', '11111111-1111-1111-1111-111111111111', 'BEB02', 'Michelada',           '10111111-0003-4000-1000-000000000003', 'terminado', 'pza', 7500,  2100, 'barra'),
  ('11111111-e013-4000-0100-000000000013', '11111111-1111-1111-1111-111111111111', 'BEB03', 'Agua Fresca',         '10111111-0003-4000-1000-000000000003', 'terminado', 'pza', 4500,  800,  'barra'),
  ('11111111-e014-4000-0100-000000000014', '11111111-1111-1111-1111-111111111111', 'BEB04', 'Cerveza Nacional',    '10111111-0003-4000-1000-000000000003', 'terminado', 'pza', 5500,  2200, 'barra'),
  ('11111111-e015-4000-0100-000000000015', '11111111-1111-1111-1111-111111111111', 'BEB05', 'Cerveza Importada',   '10111111-0003-4000-1000-000000000003', 'terminado', 'pza', 7500,  3500, 'barra'),
  ('11111111-e016-4000-0100-000000000016', '11111111-1111-1111-1111-111111111111', 'BEB06', 'Tequila Caballito',   '10111111-0003-4000-1000-000000000003', 'terminado', 'pza', 8500,  3800, 'barra');

-- La Xola — Postres (terminado)
INSERT INTO productos (id, tenant_id, clave, descripcion, grupo_id, tipo, unidad, precio_venta, costo_unitario, area_produccion) VALUES
  ('11111111-e017-4000-0100-000000000017', '11111111-1111-1111-1111-111111111111', 'POS01', 'Churros con Chocolate', '10111111-0004-4000-1000-000000000004', 'terminado', 'pza', 7500, 2200, 'cocina'),
  ('11111111-e018-4000-0100-000000000018', '11111111-1111-1111-1111-111111111111', 'POS02', 'Flan Napolitano',       '10111111-0004-4000-1000-000000000004', 'terminado', 'pza', 6500, 1800, 'cocina'),
  ('11111111-e019-4000-0100-000000000019', '11111111-1111-1111-1111-111111111111', 'POS03', 'Tres Leches',           '10111111-0004-4000-1000-000000000004', 'terminado', 'pza', 8500, 2500, 'cocina');

-- La Xola — Insumos (tipo insumo, no price_venta, only cost)
INSERT INTO productos (id, tenant_id, clave, descripcion, grupo_id, tipo, unidad, precio_venta, costo_unitario) VALUES
  ('11111111-a001-4000-a200-000000000001', '11111111-1111-1111-1111-111111111111', 'INS01', 'Tequila Blanco',  NULL, 'insumo', 'ml',  0, 15),
  ('11111111-a002-4000-a200-000000000002', '11111111-1111-1111-1111-111111111111', 'INS02', 'Tortillas Maiz',  NULL, 'insumo', 'pza', 0, 50),
  ('11111111-a003-4000-a200-000000000003', '11111111-1111-1111-1111-111111111111', 'INS03', 'Carne Pastor',    NULL, 'insumo', 'g',   0, 35),
  ('11111111-a004-4000-a200-000000000004', '11111111-1111-1111-1111-111111111111', 'INS04', 'Queso Oaxaca',    NULL, 'insumo', 'g',   0, 25),
  ('11111111-a005-4000-a200-000000000005', '11111111-1111-1111-1111-111111111111', 'INS05', 'Aguacate',        NULL, 'insumo', 'g',   0, 20),
  ('11111111-a006-4000-a200-000000000006', '11111111-1111-1111-1111-111111111111', 'INS06', 'Limon',           NULL, 'insumo', 'pza', 0, 200),
  ('11111111-a007-4000-a200-000000000007', '11111111-1111-1111-1111-111111111111', 'INS07', 'Crema',           NULL, 'insumo', 'ml',  0, 8),
  ('11111111-a008-4000-a200-000000000008', '11111111-1111-1111-1111-111111111111', 'INS08', 'Chile Ancho',     NULL, 'insumo', 'g',   0, 18),
  ('11111111-a009-4000-a200-000000000009', '11111111-1111-1111-1111-111111111111', 'INS09', 'Res Fajita',      NULL, 'insumo', 'g',   0, 40),
  ('11111111-a010-4000-a200-000000000010', '11111111-1111-1111-1111-111111111111', 'INS10', 'Pollo',           NULL, 'insumo', 'g',   0, 22);


-- ============================================================
-- 11. PRODUCTOS — TRATTORIA ROMA (Italian Cuisine, 20 products)
-- ============================================================

-- Trattoria — Antipasti (terminado)
INSERT INTO productos (id, tenant_id, clave, descripcion, grupo_id, tipo, unidad, precio_venta, costo_unitario, area_produccion) VALUES
  ('22222222-e001-4000-0100-000000000001', '22222222-2222-2222-2222-222222222222', 'ANT01', 'Bruschetta Pomodoro',  '10222222-0001-4000-1000-000000000001', 'terminado', 'pza', 8500,  2800, 'cocina'),
  ('22222222-e002-4000-0100-000000000002', '22222222-2222-2222-2222-222222222222', 'ANT02', 'Carpaccio di Manzo',   '10222222-0001-4000-1000-000000000001', 'terminado', 'pza', 14500, 5800, 'cocina'),
  ('22222222-e003-4000-0100-000000000003', '22222222-2222-2222-2222-222222222222', 'ANT03', 'Insalata Caprese',     '10222222-0001-4000-1000-000000000001', 'terminado', 'pza', 9500,  3200, 'cocina');

-- Trattoria — Primi Piatti (terminado)
INSERT INTO productos (id, tenant_id, clave, descripcion, grupo_id, tipo, unidad, precio_venta, costo_unitario, area_produccion) VALUES
  ('22222222-e004-4000-0100-000000000004', '22222222-2222-2222-2222-222222222222', 'PRI01', 'Spaghetti Carbonara', '10222222-0002-4000-1000-000000000002', 'terminado', 'pza', 15500, 5500, 'cocina'),
  ('22222222-e005-4000-0100-000000000005', '22222222-2222-2222-2222-222222222222', 'PRI02', 'Fettuccine Alfredo',  '10222222-0002-4000-1000-000000000002', 'terminado', 'pza', 14500, 4800, 'cocina'),
  ('22222222-e006-4000-0100-000000000006', '22222222-2222-2222-2222-222222222222', 'PRI03', 'Risotto ai Funghi',   '10222222-0002-4000-1000-000000000002', 'terminado', 'pza', 16500, 6000, 'cocina'),
  ('22222222-e007-4000-0100-000000000007', '22222222-2222-2222-2222-222222222222', 'PRI04', 'Lasagna Bolognese',   '10222222-0002-4000-1000-000000000002', 'terminado', 'pza', 17500, 6500, 'cocina'),
  ('22222222-e008-4000-0100-000000000008', '22222222-2222-2222-2222-222222222222', 'PRI05', 'Ravioli di Ricotta',  '10222222-0002-4000-1000-000000000002', 'terminado', 'pza', 15000, 5200, 'cocina');

-- Trattoria — Secondi (terminado)
INSERT INTO productos (id, tenant_id, clave, descripcion, grupo_id, tipo, unidad, precio_venta, costo_unitario, area_produccion) VALUES
  ('22222222-e009-4000-0100-000000000009', '22222222-2222-2222-2222-222222222222', 'SEC01', 'Pollo alla Parmigiana', '10222222-0003-4000-1000-000000000003', 'terminado', 'pza', 18500, 7000, 'cocina'),
  ('22222222-e010-4000-0100-000000000010', '22222222-2222-2222-2222-222222222222', 'SEC02', 'Saltimbocca Romana',    '10222222-0003-4000-1000-000000000003', 'terminado', 'pza', 21500, 8500, 'cocina'),
  ('22222222-e011-4000-0100-000000000011', '22222222-2222-2222-2222-222222222222', 'SEC03', 'Ossobuco alla Milanese','10222222-0003-4000-1000-000000000003', 'terminado', 'pza', 24500, 9800, 'cocina');

-- Trattoria — Bevande (terminado)
INSERT INTO productos (id, tenant_id, clave, descripcion, grupo_id, tipo, unidad, precio_venta, costo_unitario, area_produccion) VALUES
  ('22222222-e012-4000-0100-000000000012', '22222222-2222-2222-2222-222222222222', 'BEV01', 'Chianti (Copa)',        '10222222-0004-4000-1000-000000000004', 'terminado', 'pza', 9500,  3800, 'barra'),
  ('22222222-e013-4000-0100-000000000013', '22222222-2222-2222-2222-222222222222', 'BEV02', 'Prosecco (Copa)',       '10222222-0004-4000-1000-000000000004', 'terminado', 'pza', 8500,  3200, 'barra'),
  ('22222222-e014-4000-0100-000000000014', '22222222-2222-2222-2222-222222222222', 'BEV03', 'Limoncello',           '10222222-0004-4000-1000-000000000004', 'terminado', 'pza', 7500,  2500, 'barra'),
  ('22222222-e015-4000-0100-000000000015', '22222222-2222-2222-2222-222222222222', 'BEV04', 'Espresso',             '10222222-0004-4000-1000-000000000004', 'terminado', 'pza', 4500,  800,  'barra'),
  ('22222222-e016-4000-0100-000000000016', '22222222-2222-2222-2222-222222222222', 'BEV05', 'Agua Mineral',         '10222222-0004-4000-1000-000000000004', 'terminado', 'pza', 3500,  600,  'barra');

-- Trattoria — Dolci (terminado)
INSERT INTO productos (id, tenant_id, clave, descripcion, grupo_id, tipo, unidad, precio_venta, costo_unitario, area_produccion) VALUES
  ('22222222-e017-4000-0100-000000000017', '22222222-2222-2222-2222-222222222222', 'DOL01', 'Tiramisu',             '10222222-0005-4000-1000-000000000005', 'terminado', 'pza', 9500,  3200, 'cocina'),
  ('22222222-e018-4000-0100-000000000018', '22222222-2222-2222-2222-222222222222', 'DOL02', 'Panna Cotta',          '10222222-0005-4000-1000-000000000005', 'terminado', 'pza', 8500,  2800, 'cocina'),
  ('22222222-e019-4000-0100-000000000019', '22222222-2222-2222-2222-222222222222', 'DOL03', 'Cannoli Siciliani',    '10222222-0005-4000-1000-000000000005', 'terminado', 'pza', 7500,  2200, 'cocina'),
  ('22222222-e020-4000-0100-000000000020', '22222222-2222-2222-2222-222222222222', 'DOL04', 'Gelato (3 Bolas)',     '10222222-0005-4000-1000-000000000005', 'terminado', 'pza', 7000,  2000, 'cocina');


-- ============================================================
-- 12. PRODUCTOS — SUSHI SAKURA (Japanese Cuisine, 22 products)
-- ============================================================

-- Sushi Sakura — Entradas (terminado)
INSERT INTO productos (id, tenant_id, clave, descripcion, grupo_id, tipo, unidad, precio_venta, costo_unitario, area_produccion) VALUES
  ('33333333-e001-4000-0100-000000000001', '33333333-3333-3333-3333-333333333333', 'ENT01', 'Edamame',              '10333333-0001-4000-1000-000000000001', 'terminado', 'pza', 6500,  1800, 'cocina'),
  ('33333333-e002-4000-0100-000000000002', '33333333-3333-3333-3333-333333333333', 'ENT02', 'Gyoza (6 pzas)',       '10333333-0001-4000-1000-000000000001', 'terminado', 'pza', 9500,  3200, 'cocina'),
  ('33333333-e003-4000-0100-000000000003', '33333333-3333-3333-3333-333333333333', 'ENT03', 'Tempura Mixta',        '10333333-0001-4000-1000-000000000001', 'terminado', 'pza', 12500, 4500, 'cocina'),
  ('33333333-e004-4000-0100-000000000004', '33333333-3333-3333-3333-333333333333', 'ENT04', 'Sopa Miso',            '10333333-0001-4000-1000-000000000001', 'terminado', 'pza', 5500,  1200, 'cocina');

-- Sushi Sakura — Rolls (terminado)
INSERT INTO productos (id, tenant_id, clave, descripcion, grupo_id, tipo, unidad, precio_venta, costo_unitario, area_produccion) VALUES
  ('33333333-e005-4000-0100-000000000005', '33333333-3333-3333-3333-333333333333', 'ROL01', 'California Roll',      '10333333-0002-4000-1000-000000000002', 'terminado', 'pza', 11500, 3800, 'cocina'),
  ('33333333-e006-4000-0100-000000000006', '33333333-3333-3333-3333-333333333333', 'ROL02', 'Spicy Tuna Roll',      '10333333-0002-4000-1000-000000000002', 'terminado', 'pza', 13500, 5000, 'cocina'),
  ('33333333-e007-4000-0100-000000000007', '33333333-3333-3333-3333-333333333333', 'ROL03', 'Dragon Roll',          '10333333-0002-4000-1000-000000000002', 'terminado', 'pza', 16500, 6200, 'cocina'),
  ('33333333-e008-4000-0100-000000000008', '33333333-3333-3333-3333-333333333333', 'ROL04', 'Philadelphia Roll',    '10333333-0002-4000-1000-000000000002', 'terminado', 'pza', 12500, 4200, 'cocina'),
  ('33333333-e009-4000-0100-000000000009', '33333333-3333-3333-3333-333333333333', 'ROL05', 'Rainbow Roll',         '10333333-0002-4000-1000-000000000002', 'terminado', 'pza', 18500, 7500, 'cocina');

-- Sushi Sakura — Nigiri & Sashimi (terminado)
INSERT INTO productos (id, tenant_id, clave, descripcion, grupo_id, tipo, unidad, precio_venta, costo_unitario, area_produccion) VALUES
  ('33333333-e010-4000-0100-000000000010', '33333333-3333-3333-3333-333333333333', 'NIG01', 'Nigiri Salmon (2)',    '10333333-0003-4000-1000-000000000003', 'terminado', 'pza', 9500,  4200, 'cocina'),
  ('33333333-e011-4000-0100-000000000011', '33333333-3333-3333-3333-333333333333', 'NIG02', 'Nigiri Atun (2)',      '10333333-0003-4000-1000-000000000003', 'terminado', 'pza', 11500, 5500, 'cocina'),
  ('33333333-e012-4000-0100-000000000012', '33333333-3333-3333-3333-333333333333', 'SAS01', 'Sashimi Mixto (8)',    '10333333-0003-4000-1000-000000000003', 'terminado', 'pza', 22500, 9800, 'cocina');

-- Sushi Sakura — Ramen & Udon (terminado)
INSERT INTO productos (id, tenant_id, clave, descripcion, grupo_id, tipo, unidad, precio_venta, costo_unitario, area_produccion) VALUES
  ('33333333-e013-4000-0100-000000000013', '33333333-3333-3333-3333-333333333333', 'RAM01', 'Ramen Tonkotsu',       '10333333-0004-4000-1000-000000000004', 'terminado', 'pza', 15500, 5500, 'cocina'),
  ('33333333-e014-4000-0100-000000000014', '33333333-3333-3333-3333-333333333333', 'RAM02', 'Ramen Shoyu',          '10333333-0004-4000-1000-000000000004', 'terminado', 'pza', 14500, 5000, 'cocina'),
  ('33333333-e015-4000-0100-000000000015', '33333333-3333-3333-3333-333333333333', 'UDO01', 'Udon Tempura',         '10333333-0004-4000-1000-000000000004', 'terminado', 'pza', 14500, 5200, 'cocina');

-- Sushi Sakura — Bebidas (terminado)
INSERT INTO productos (id, tenant_id, clave, descripcion, grupo_id, tipo, unidad, precio_venta, costo_unitario, area_produccion) VALUES
  ('33333333-e016-4000-0100-000000000016', '33333333-3333-3333-3333-333333333333', 'BEB01', 'Sake Caliente',        '10333333-0005-4000-1000-000000000005', 'terminado', 'pza', 8500,  3200, 'barra'),
  ('33333333-e017-4000-0100-000000000017', '33333333-3333-3333-3333-333333333333', 'BEB02', 'Cerveza Asahi',        '10333333-0005-4000-1000-000000000005', 'terminado', 'pza', 7500,  3000, 'barra'),
  ('33333333-e018-4000-0100-000000000018', '33333333-3333-3333-3333-333333333333', 'BEB03', 'Te Verde',             '10333333-0005-4000-1000-000000000005', 'terminado', 'pza', 4500,  600,  'barra'),
  ('33333333-e019-4000-0100-000000000019', '33333333-3333-3333-3333-333333333333', 'BEB04', 'Limonada Yuzu',        '10333333-0005-4000-1000-000000000005', 'terminado', 'pza', 6500,  1500, 'barra'),
  ('33333333-e020-4000-0100-000000000020', '33333333-3333-3333-3333-333333333333', 'BEB05', 'Sake Frio Premium',    '10333333-0005-4000-1000-000000000005', 'terminado', 'pza', 12500, 5000, 'barra'),
  ('33333333-e021-4000-0100-000000000021', '33333333-3333-3333-3333-333333333333', 'BEB06', 'Whisky Japones',       '10333333-0005-4000-1000-000000000005', 'terminado', 'pza', 15500, 7000, 'barra');


-- ============================================================
-- 13. EXISTENCIAS — LA XOLA (stock for insumos in almacen_1)
-- ============================================================

INSERT INTO existencias (id, tenant_id, producto_id, almacen_id, cantidad) VALUES
  ('50111111-0001-4000-5000-000000000001', '11111111-1111-1111-1111-111111111111', '11111111-a001-4000-a200-000000000001', 'f1111111-0001-4000-f000-000000000001', 15000),  -- Tequila Blanco 15000ml
  ('50111111-0002-4000-5000-000000000002', '11111111-1111-1111-1111-111111111111', '11111111-a002-4000-a200-000000000002', 'f1111111-0001-4000-f000-000000000001', 20000),  -- Tortillas Maiz 20000pza
  ('50111111-0003-4000-5000-000000000003', '11111111-1111-1111-1111-111111111111', '11111111-a003-4000-a200-000000000003', 'f1111111-0001-4000-f000-000000000001', 10000),  -- Carne Pastor 10000g
  ('50111111-0004-4000-5000-000000000004', '11111111-1111-1111-1111-111111111111', '11111111-a004-4000-a200-000000000004', 'f1111111-0001-4000-f000-000000000001', 8000),   -- Queso Oaxaca 8000g
  ('50111111-0005-4000-5000-000000000005', '11111111-1111-1111-1111-111111111111', '11111111-a005-4000-a200-000000000005', 'f1111111-0001-4000-f000-000000000001', 12000),  -- Aguacate 12000g
  ('50111111-0006-4000-5000-000000000006', '11111111-1111-1111-1111-111111111111', '11111111-a006-4000-a200-000000000006', 'f1111111-0001-4000-f000-000000000001', 5000),   -- Limon 5000pza
  ('50111111-0007-4000-5000-000000000007', '11111111-1111-1111-1111-111111111111', '11111111-a007-4000-a200-000000000007', 'f1111111-0001-4000-f000-000000000001', 10000),  -- Crema 10000ml
  ('50111111-0008-4000-5000-000000000008', '11111111-1111-1111-1111-111111111111', '11111111-a008-4000-a200-000000000008', 'f1111111-0001-4000-f000-000000000001', 6000),   -- Chile Ancho 6000g
  ('50111111-0009-4000-5000-000000000009', '11111111-1111-1111-1111-111111111111', '11111111-a009-4000-a200-000000000009', 'f1111111-0001-4000-f000-000000000001', 8000),   -- Res Fajita 8000g
  ('50111111-0010-4000-5000-000000000010', '11111111-1111-1111-1111-111111111111', '11111111-a010-4000-a200-000000000010', 'f1111111-0001-4000-f000-000000000001', 12000);  -- Pollo 12000g


-- ============================================================
-- 14. RECETAS (BOM - Bill of Materials) — LA XOLA
-- ============================================================

-- Guacamole: Aguacate 200g, Limon 2pza
INSERT INTO recetas (id, tenant_id, producto_id, insumo_id, cantidad, unidad) VALUES
  ('60111111-0001-4000-6000-000000000001', '11111111-1111-1111-1111-111111111111', '11111111-e001-4000-0100-000000000001', '11111111-a005-4000-a200-000000000005', 200, 'g'),
  ('60111111-0002-4000-6000-000000000002', '11111111-1111-1111-1111-111111111111', '11111111-e001-4000-0100-000000000001', '11111111-a006-4000-a200-000000000006', 2,   'pza');

-- Tacos al Pastor (3): Tortillas 6pza, Carne Pastor 180g
INSERT INTO recetas (id, tenant_id, producto_id, insumo_id, cantidad, unidad) VALUES
  ('60111111-0003-4000-6000-000000000003', '11111111-1111-1111-1111-111111111111', '11111111-e004-4000-0100-000000000004', '11111111-a002-4000-a200-000000000002', 6,   'pza'),
  ('60111111-0004-4000-6000-000000000004', '11111111-1111-1111-1111-111111111111', '11111111-e004-4000-0100-000000000004', '11111111-a003-4000-a200-000000000003', 180, 'g');

-- Margarita: Tequila 60ml, Limon 2pza
INSERT INTO recetas (id, tenant_id, producto_id, insumo_id, cantidad, unidad) VALUES
  ('60111111-0005-4000-6000-000000000005', '11111111-1111-1111-1111-111111111111', '11111111-e011-4000-0100-000000000011', '11111111-a001-4000-a200-000000000001', 60, 'ml'),
  ('60111111-0006-4000-6000-000000000006', '11111111-1111-1111-1111-111111111111', '11111111-e011-4000-0100-000000000011', '11111111-a006-4000-a200-000000000006', 2,  'pza');

-- Campechano: Tortillas 4pza, Carne Pastor 100g, Res Fajita 80g
INSERT INTO recetas (id, tenant_id, producto_id, insumo_id, cantidad, unidad) VALUES
  ('60111111-0007-4000-6000-000000000007', '11111111-1111-1111-1111-111111111111', '11111111-e010-4000-0100-000000000010', '11111111-a002-4000-a200-000000000002', 4,   'pza'),
  ('60111111-0008-4000-6000-000000000008', '11111111-1111-1111-1111-111111111111', '11111111-e010-4000-0100-000000000010', '11111111-a003-4000-a200-000000000003', 100, 'g'),
  ('60111111-0009-4000-6000-000000000009', '11111111-1111-1111-1111-111111111111', '11111111-e010-4000-0100-000000000010', '11111111-a009-4000-a200-000000000009', 80,  'g');

-- Enchiladas Suizas: Tortillas 4pza, Pollo 150g, Crema 50ml, Queso Oaxaca 80g
INSERT INTO recetas (id, tenant_id, producto_id, insumo_id, cantidad, unidad) VALUES
  ('60111111-0010-4000-6000-000000000010', '11111111-1111-1111-1111-111111111111', '11111111-e005-4000-0100-000000000005', '11111111-a002-4000-a200-000000000002', 4,   'pza'),
  ('60111111-0011-4000-6000-000000000011', '11111111-1111-1111-1111-111111111111', '11111111-e005-4000-0100-000000000005', '11111111-a010-4000-a200-000000000010', 150, 'g'),
  ('60111111-0012-4000-6000-000000000012', '11111111-1111-1111-1111-111111111111', '11111111-e005-4000-0100-000000000005', '11111111-a007-4000-a200-000000000007', 50,  'ml'),
  ('60111111-0013-4000-6000-000000000013', '11111111-1111-1111-1111-111111111111', '11111111-e005-4000-0100-000000000005', '11111111-a004-4000-a200-000000000004', 80,  'g');

-- Fajitas de Res: Res Fajita 250g, Tortillas 4pza
INSERT INTO recetas (id, tenant_id, producto_id, insumo_id, cantidad, unidad) VALUES
  ('60111111-0014-4000-6000-000000000014', '11111111-1111-1111-1111-111111111111', '11111111-e008-4000-0100-000000000008', '11111111-a009-4000-a200-000000000009', 250, 'g'),
  ('60111111-0015-4000-6000-000000000015', '11111111-1111-1111-1111-111111111111', '11111111-e008-4000-0100-000000000008', '11111111-a002-4000-a200-000000000002', 4,   'pza');


-- ============================================================
-- 15. FIDELIZACION CONFIG (loyalty program per tenant)
-- ============================================================

INSERT INTO fidelizacion_config (id, tenant_id, puntos_por_peso, puntos_canjeables_min, valor_punto, nivel_bronce_puntos, nivel_plata_puntos, nivel_oro_puntos, nivel_platino_puntos) VALUES
  ('70111111-0001-4000-7000-000000000001', '11111111-1111-1111-1111-111111111111', 0.1, 100, 0.5, 0, 500, 2000, 5000),
  ('70222222-0001-4000-7000-000000000001', '22222222-2222-2222-2222-222222222222', 0.1, 100, 0.5, 0, 500, 2000, 5000),
  ('70333333-0001-4000-7000-000000000001', '33333333-3333-3333-3333-333333333333', 0.1, 100, 0.5, 0, 500, 2000, 5000);


-- ============================================================
-- 16. CLIENTES (3 for La Xola with loyalty points)
-- ============================================================

INSERT INTO clientes (id, tenant_id, codigo, nombre, telefono, puntos_acumulados, nivel_fidelizacion) VALUES
  ('80111111-0001-4000-8000-000000000001', '11111111-1111-1111-1111-111111111111', 'CLI01', 'Roberto Sanchez',    '555-1234', 350,  'bronce'),
  ('80111111-0002-4000-8000-000000000002', '11111111-1111-1111-1111-111111111111', 'CLI02', 'Maria Elena Torres', '555-5678', 1200, 'plata'),
  ('80111111-0003-4000-8000-000000000003', '11111111-1111-1111-1111-111111111111', 'CLI03', 'Carlos Mendoza',     '555-9012', 2500, 'oro');

-- Trattoria Roma clientes
INSERT INTO clientes (id, tenant_id, codigo, nombre, telefono, puntos_acumulados, nivel_fidelizacion) VALUES
  ('80222222-0001-4000-8000-000000000001', '22222222-2222-2222-2222-222222222222', 'CLI01', 'Valentina Reyes',   '555-2001', 800,  'plata'),
  ('80222222-0002-4000-8000-000000000002', '22222222-2222-2222-2222-222222222222', 'CLI02', 'Alejandro Herrera', '555-2002', 150,  'bronce');

-- Sushi Sakura clientes
INSERT INTO clientes (id, tenant_id, codigo, nombre, telefono, puntos_acumulados, nivel_fidelizacion) VALUES
  ('80333333-0001-4000-8000-000000000001', '33333333-3333-3333-3333-333333333333', 'CLI01', 'Diana Flores',      '555-3001', 3200, 'oro');


-- ============================================================
-- 17. PROVEEDORES (suppliers for La Xola)
-- ============================================================

INSERT INTO proveedores (id, tenant_id, codigo, nombre, telefono, contacto) VALUES
  ('90111111-0001-4000-9000-000000000001', '11111111-1111-1111-1111-111111111111', 'PROV01', 'Distribuidora La Central', '555-7001', 'Raul Gomez'),
  ('90111111-0002-4000-9000-000000000002', '11111111-1111-1111-1111-111111111111', 'PROV02', 'Carnes Premium SA',        '555-7002', 'Laura Vega'),
  ('90111111-0003-4000-9000-000000000003', '11111111-1111-1111-1111-111111111111', 'PROV03', 'Licores del Valle',        '555-7003', 'Fernando Diaz');


-- ============================================================
-- SEED COMPLETE
-- Total products: La Xola 29 (19 terminados + 10 insumos), Trattoria Roma 20, Sushi Sakura 21 = 70 products
-- ============================================================
